<?xml version="1.0" encoding="UTF-8"?>

<cache-config xmlns:xsi="http://www.w3.org/2001/XMLSchema-instance"
	xmlns="http://xmlns.oracle.com/coherence/coherence-cache-config"
	xsi:schemaLocation="http://xmlns.oracle.com/coherence/coherence-cache-config
   coherence-cache-config.xsd">
	<caching-scheme-mapping>
		<cache-mapping>
			<cache-name>hello-example</cache-name>
			<scheme-name>distributed</scheme-name>
		</cache-mapping>
	</caching-scheme-mapping>

	<caching-schemes>
		<distributed-scheme>
			<scheme-name>distributed</scheme-name>
			<service-name>DistributedCache</service-name>

			<backing-map-scheme>
				<read-write-backing-map-scheme>
					<internal-cache-scheme>
						<local-scheme>
							<high-units>10</high-units>
							<!-- 
							<low-units>5</low-units>
							-->
							<expiry-delay>1m</expiry-delay>
						</local-scheme>
					</internal-cache-scheme>
					
					<cachestore-scheme>
						<class-scheme>
							<class-name>com.example.demo.MyCacheStore</class-name>
							<init-params>
								<init-param>
									<param-type>java.lang.String</param-type>
									<param-value>CUSTOMERS</param-value>
								</init-param>
							</init-params>
						</class-scheme>
					</cachestore-scheme>
				</read-write-backing-map-scheme>

			</backing-map-scheme>
			<autostart>true</autostart>
		</distributed-scheme>
	</caching-schemes>
</cache-config>